{
    "providers": [
        {
            "type": "bitmap",
            "file": "minecraft:font/logo.png",
            "ascent": 0,
            "height": 30,
            "chars": [
                "\u00F5"
            ]
        },
        {
            "type": "bitmap",
            "file": "minecraft:font/table-clock.png",
            "ascent": 10,
            "height": 11,
            "chars": [
                "\u00C6"
            ]
        },
        {
            "type": "bitmap",
            "file": "minecraft:font/cpu-tower.png",
            "ascent": 10,
            "height": 11,
            "chars": [
                "\u00CA"
            ]
        },
        {
            "type": "bitmap",
            "file": "minecraft:font/wifi.png",
            "ascent": 10,
            "height": 11,
            "chars": [
                "\u00C4"
            ]
        },
        {
            "type": "bitmap",
            "file": "minecraft:font/friendship.png",
            "ascent": 10,
            "height": 11,
            "chars": [
                "\u00F6"
            ]
        },
        {
            "type": "bitmap",
            "file": "minecraft:font/d.png",
            "ascent": 11,
            "height": 15,
            "chars": [
                "\u00CD"
            ]
        },
        {
            "type": "bitmap",
            "file": "minecraft:font/h.png",
            "ascent": 11,
            "height": 15,
            "chars": [
                "\u00CE"
            ]
        },
        {
            "type": "bitmap",
            "file": "minecraft:font/m.png",
            "ascent": 11,
            "height": 15,
            "chars": [
                "\u00CF"
            ]
        },
        {
            "type": "bitmap",
            "file": "minecraft:font/prefix_novichok2.png",
            "ascent": 8,
            "height": 9,
            "chars": [
                "\u00DA"
            ]
        }
    ]
}